,title,link,address,gps
0,Ubriaca fa un incidente e tenta di arrivare a casa senza una ruota,http://www.trentotoday.it/cronaca/incidente-stradale/incidente-scappa-senza-ruota.html,"Strada Statale 48 - Mazzin, Trento, Italia","[46.457057, 11.700961]"
1,"Sentiero facile ma ghiacciato: scivola in un dirupo, recuperato dall'elicottero",http://www.trentotoday.it/cronaca/scivola-bondone-elicottero-23-febbraio.html,"Strada del Monte Bondone - Trento, Trento, Italia","[46.069784, 11.094918]"
2,Weekend di controlli fuori dai locali: sette patenti ritirate,http://www.trentotoday.it/attualita/controlli-alcol-locali-garda.html,"SS45bis - Arco, Trento, Italia","[45.941287, 10.901369]"
3,"Coronavirus, chiusi asili nido e scuole materne",http://www.trentotoday.it/attualita/asili-nido-chiusi-trentino.html,"Via Giovanni Zanella - Trento, Trento, Italia","[46.0675, 11.118876]"
4,"Coronavirus, ecco dieci ""regole"" da seguire",http://www.trentotoday.it/benessere/salute/coronavirus-febbre-cosa-fare.html,"Via Annibale Apollonio - Trento, Trento, Italia","[46.057443, 11.134149]"
5,Coronavirus: Università chiusa tutta la settimana,http://www.trentotoday.it/cronaca/coronavirus-universita-chiusa.html,"Via Giuseppe Verdi - Trento, Trento, Italia","[46.066523, 11.117443]"
6,Coronavirus: famiglia lombarda in Trentino positiva al test,http://www.trentotoday.it/cronaca/coronavirus-casi-famiglia_trentino.html,"Largo Medaglie d&#039;oro - Trento, Trento, Italia","[46.057786, 11.132864]"
7,"Università, aule studio chiuse dopo l'ordinanza per il Coronavirus",http://www.trentotoday.it/attualita/universita-chiusa-coronavirus.html,"Via Giuseppe Verdi - Trento, Trento, Italia","[46.066523, 11.117443]"
8,"Coronavirus: chiuse scuole, asili e Università",http://www.trentotoday.it/cronaca/asili-universita-chiusa-coronavirus.html,"Via Giuseppe Verdi - Trento, Trento, Italia","[46.066523, 11.117443]"
9,Coronavirus: la Provincia invita a non andare in Veneto e Lombardia,http://www.trentotoday.it/attualita/coronavirus-lombardia-veneto.html,"Largo Medaglie d&#039;oro - Trento, Trento, Italia","[46.057786, 11.132864]"
10,"Violenza sessuale, chiuso il bar H/àkka/. Lo staff: ""Profondamente feriti, valuteremo se proseguire""",http://www.trentotoday.it/cronaca/accademia-chiusa-stupro.html,"Via dei Ventuno - Trento, Trento, Italia","[46.069472, 11.127332]"
11,Tutti gli eventi del weekend in Trentino,http://www.trentotoday.it/eventi/weekend/cosa-fare-21-22-23-febbraio.html,"Piazza del Duomo - Trento, Trento, Italia","[46.067375, 11.120989]"
12,Ferrovie: riapre la fermata di Calliano,http://www.trentotoday.it/attualita/fermata-treno-calliano.html,"Via Statale 12 - Calliano, Trento, Italia","[45.931986, 11.094585]"
13,Caso di stupro in centro: il bar H/àkka/ chiuso per un mese,http://www.trentotoday.it/cronaca/stupro-accademia-chiusa.html,"Via dei Ventuno - Trento, Trento, Italia","[46.069472, 11.127332]"
14,"""Lo spazio attorno al Muse è ignobile ed indecente"", il presidente del museo rivuole il planetario",http://www.trentotoday.it/attualita/muse-planetario-zecchi.html,"Via Roberto da Sanseverino - Trento, Trento, Italia","[46.056951, 11.112458]"
15,"Muse: solo un dipendente su due è a tempo indeterminato, ma dai precari arriva il 40% delle risorse",http://www.trentotoday.it/attualita/muse-lavoratori-precari.html,"Via Roberto da Sanseverino - Trento, Trento, Italia","[46.056951, 11.112458]"
16,Andrea Castelli premiato con l'Aquila di San Venceslao,http://www.trentotoday.it/eventi/cultura/aquila-venceslao-2020-andrea-castelli.html,"Via Bolzano - Trento, Trento, Italia","[46.104564, 11.109925]"
17,Casting a Trento per un nuovo film: si cercano anche giocatori di softair,http://www.trentotoday.it/attualita/comparse-softair-film.html,"Via Giovanni Zanella - Trento, Trento, Italia","[46.0675, 11.118876]"
18,"""Diario di spezie"": il casting per il film girato in Trentino",http://www.trentotoday.it/eventi/diario-spezie-casting-film.html,"Via Giovanni Zanella - Trento, Trento, Italia","[46.0675, 11.118876]"
19,"Incidente all'Interporto, traffico in tilt",http://www.trentotoday.it/cronaca/incidente-stradale/interporto-code-tangenziale-21-febbraio.html,"Via Innsbruck, 1 - Trento, Trento, Italia","[46.107864, 11.091785]"
20,Martedì grasso anche a Smart Lab,http://www.trentotoday.it/eventi/smart-lab-martedi-grasso-2020.html,"Viale Trento - Rovereto, Trento, Italia","[45.905315, 11.040298]"
21,"Alle Albere un museo su Scienza e Filosofia, il presidente del Muse: ""Abbiamo già una mostra""",http://www.trentotoday.it/attualita/nuovo-museo-scienza-albere.html,"Via Roberto da Sanseverino - Trento, Trento, Italia","[46.056951, 11.112458]"
22,"Meteo, previsioni per il weekend: sole e caldo",http://www.trentotoday.it/meteo/previsioni-weekend-22-23-febbraio.html,"Via Monsignor Celestino Endrici - Trento, Trento, Italia","[46.39181, 11.119812]"
23,Traffico di carburante dall'Est Europa: 49 persone denunciate,http://www.trentotoday.it/cronaca/contrabbando-carburante-brennero.html,"Via del Brennero - Trento, Trento, Italia","[46.084893, 11.119293]"
24,Incidente alla galleria dei Crozi: traffico bloccato in Valsugana,http://www.trentotoday.it/cronaca/incidente-stradale/valsugana-code-20-febbraio.html,"Superstrada Valsugana - Civezzano, Trento, Italia","[46.059949, 11.229549]"
25,"Stupro in un locale del centro, le donne della Lega: ""Chiediamo da tempo la castrazione chimica""",http://www.trentotoday.it/cronaca/stupro-trento-castrazione-chimica.html,"Piazza Dante - Trento, Trento, Italia","[46.071449, 11.121209]"
26,"Casa, in arrivo contributi provinciali per l'efficientamento energetico",http://www.trentotoday.it/green/contributi-risparmio-energetico-casa.html,"Piazza Dante - Trento, Trento, Italia","[46.071449, 11.121209]"
27,"Il Questore Garramone torna a Roma: ""Trentino meraviglioso, ma c'è molta solitudine""",http://www.trentotoday.it/attualita/garramone-lascia-trento.html,"Viale Verona - Trento, Trento, Italia","[46.046459, 11.129586]"
28,Birra dell'Anno: ecco i birrifici trentini premiati,http://www.trentotoday.it/cucina/migliore-birra-trentino-2020.html,"Via del Brennero - Trento, Trento, Italia","[46.084893, 11.119293]"
29,"Ecco il Monopoly versione Lago di Garda: c'è anche la ""gondola per il Monte Baldo""",http://www.trentotoday.it/attualita/monopoly-lago-garda.html,"Lungolago dei Pini - Riva del Garda, Trento, Italia","[45.879243, 10.853688]"
30,"La fotografia ha 180 anni,  Il libro illustrato dall’incisione al digitale",http://www.trentotoday.it/eventi/mart-fotografia-2020.html,"Corso Bettini - Rovereto, Trento, Italia","[45.893923, 11.043605]"
31,"I diari, nuova mostra al Mart",http://www.trentotoday.it/eventi/mart-diari-2020.html,"Corso Bettini - Rovereto, Trento, Italia","[45.893923, 11.043605]"
32,Il Muro di Berlino in mostra,http://www.trentotoday.it/eventi/muro-berlino-gallerie-2020.html,"Via D&ograve;s Trento - Trento, Trento, Italia","[46.073542, 11.110165]"
33,"Terzo polo per le comunali? Nè destra, nè sinistra, e c'è anche la DC",http://www.trentotoday.it/politica/elezioni-comunali-rizzoli-centro.html,"Via Giuseppe Verdi - Trento, Trento, Italia","[46.066523, 11.117443]"
34,"Contributi ""facili"" all'Apt? Il Comune: ""A Trento un milione di turisti all'anno""",http://www.trentotoday.it/attualita/corte-conti-apt-contributi.html,"Piazza del Duomo - Trento, Trento, Italia","[46.067375, 11.120989]"
35,"""Violentata nel bagno di un locale del centro"": vittima una studentessa 20enne",http://www.trentotoday.it/cronaca/ragazza-violentata-locale-centro.html,"Viale Verona - Trento, Trento, Italia","[46.046459, 11.129586]"
36,Test del DNA ai cani anche in Trentino per multare i proprietari che non raccolgono gli escrementi,http://www.trentotoday.it/attualita/esame-dna-escrementi-cani.html,"Viale Verona - Trento, Trento, Italia","[46.046459, 11.129586]"
37,"Alessandro diventa Alexandra, la Cassazione approva: ""Ognuno sceglie il nome che vuole""",http://www.trentotoday.it/attualita/cambio-sesso-nome-anagrafe.html,"Via Carlo Antonio Pilati - Trento, Trento, Italia","[46.06602, 11.12722]"
38,"A22, lavori e lieve tamponamento: code di 4 chilometri",http://www.trentotoday.it/cronaca/incidente-stradale/a22-code-san-michele-18-febbraio.html,"Via Berlino - Trento, Trento, Italia","[46.07743, 11.109565]"
39,Malore collettivo in hotel a Folgarida: alcuni ragazzi si sono ammalati anche dopo,http://www.trentotoday.it/cronaca/albergo-folgarida-virus-studenti.html,"Via Francesco Barbacovi - Trento, Trento, Italia","[46.065313, 11.126664]"
40,A Rovereto dinosauri in carne e ossa,http://www.trentotoday.it/eventi/dinosauri-rovereto-2020.html,"Piazza della Manifattura, 1 - Rovereto, Trento, Italia","[45.883389, 11.021575]"
41,Tornano gli aperitvi d’ arte al Castello del Buonconsiglio,http://www.trentotoday.it/eventi/aperitivi-arte-buonconsiglio-2020.html,"Via Bernardo Clesio, 5 - Trento, Trento, Italia","[46.071736, 11.126753]"
42,"Case Itea solo ai ""trentini"", i sindacati: ""Così non si risolvono i problemi, servono più case""",http://www.trentotoday.it/politica/case-popolari-stranieri.html,"Piazza Dante - Trento, Trento, Italia","[46.071449, 11.121209]"
43,Salvò una donna sul treno della Val Pusteria: medico-eroe premiato da Mattarella,http://www.trentotoday.it/attualita/medico-treno-salva-donna-premiato.html,"Largo Medaglie d&#039;oro - Trento, Trento, Italia","[46.057786, 11.132864]"
44,Carnevale a Piedicastello: gnocchi e grostoli per tutti,http://www.trentotoday.it/eventi/carnevale-piedicastello-2020.html,"Vicolo di Piedicastello - Trento, Trento, Italia","[46.071059, 11.114491]"
45,"Not, ancora un ricorso: nuovo ospedale ancora fermo",http://www.trentotoday.it/economia/ricorso-terzo-bando-not-ospedale.html,"Via al Desert - Trento, Trento, Italia","[46.049593, 11.116909]"
46,Casting per un film in Trentino: cercansi comparse dall'aspetto nordico,http://www.trentotoday.it/attualita/casting-film-trentino.html,"Via Giovanni Zanella - Trento, Trento, Italia","[46.0675, 11.118876]"
47,"A Bolzano tornano i voli di linea: Roma, Sicilia, Vienna",http://www.trentotoday.it/attualita/voli-bolzano-roma-vienna-sicilia.html,"Via Bolzano - Trento, Trento, Italia","[46.104564, 11.109925]"
48,"Un monumento ad Adreas Hofer a Mantova, e a Borghetto un nuovo cartello di confine",http://www.trentotoday.it/attualita/monumento-hofer-mantova.html,"Via Mantova - Trento, Trento, Italia","[46.067393, 11.124132]"
49,"Scomparsa nel nulla, l'appello: chi ha informazioni chiami questo numero",http://www.trentotoday.it/attualita/ilaria-matteucci-scomparsa-vadena.html,"Via Alto Adige - Trento, Trento, Italia","[46.127139, 11.109432]"
50,Ai discendenti degli emigranti trentini borse di studio per fare l'Università a Trento,http://www.trentotoday.it/formazione/universita/borse-studio-emigranti.trentini,"Via Giuseppe Verdi - Trento, Trento, Italia","[46.066523, 11.117443]"
51,Si schianta con gli sci a Madonna di Campiglio: non ce l'ha fatta Cristina Cesari,http://www.trentotoday.it/cronaca/cristina-cesari-morta-sci.html,"Largo Medaglie d&#039;oro - Trento, Trento, Italia","[46.057786, 11.132864]"
52,Diplomato con 100 e lode? La Provincia ti dà 2.000 euro per iscriverti all'Università,http://www.trentotoday.it/formazione/universita/borsa-studio-diploma-100-lode.html,"Via Giuseppe Verdi - Trento, Trento, Italia","[46.066523, 11.117443]"
53,Neonato trovato morto nei campi: per la madre l'accusa passa da omicidio ad infanticidio,http://www.trentotoday.it/cronaca/neonato-morto-infanticidio.html,"Via Bolzano - Trento, Trento, Italia","[46.104564, 11.109925]"
54,Segretari comunali scelti dai sindaci in Trentino Alto Adige: il Governo impugna la legge,http://www.trentotoday.it/politica/lamorgese-segretari-comunali.html,"Piazza Dante - Trento, Trento, Italia","[46.071449, 11.121209]"
55,Sale in vetta con gli sci ma non riesce più a scendere: recuperato con l'elicottero,http://www.trentotoday.it/cronaca/col-margherita-recuperato-elicottero.html,"Strada Statale 346 del Passo di San Pellegrino - Canazei, Trento, Italia","[46.372009, 11.739485]"
56,"Inaugurata la Fondazione Megalizzi, Sassoli: ""Antonio simbolo dell'Europa che vogliamo""",http://www.trentotoday.it/attualita/antonio-megalizzi-sassoli-trento.html,"Via Tommaso Gar - Trento, Trento, Italia","[46.068163, 11.117119]"
57,Addio definitivo al 'Nord': anche in Trentino nasce la Lega Salvini Premier,http://www.trentotoday.it/politica/lega-salvini-nuovo-partito-perche.html,"Piazza Cesare Battisti - Trento, Trento, Italia","[46.069314, 11.123805]"
58,Fuga dopo l'incidente e omissione di soccorso: a Trento quasi 4 casi al mese,http://www.trentotoday.it/cronaca/incidente-stradale/fuga-dopo-incidente-omissione-reato.html,"Via Ezio Maccani - Trento, Trento, Italia","[46.086631, 11.111712]"
59,Street food 'made in Usa' a Avio per tutto il weekend,http://www.trentotoday.it/eventi/street-food-avio-14-16-febbriaio.html,"Piazza Vittorio Emanuele III - Avio, Trento, Italia","[45.735462, 10.941585]"
60,"Arco, incidente nella notte: auto ribaltata, ragazzo miracolato",http://www.trentotoday.it/cronaca/incidente-stradale/arco-auto-ribaltata.html,"Via Mantova - Arco, Trento, Italia","[45.912676, 10.882541]"
61,"Influenza: colpito il 12% della popolazione trentina, il picco è passato",http://www.trentotoday.it/benessere/salute/influenza-quanti-ammalati.html,"Largo Medaglie d&#039;oro - Trento, Trento, Italia","[46.057786, 11.132864]"
62,Pop X al Sanbapolis,http://www.trentotoday.it/eventi/popx-sanbapolis-2020.html,"Via della Malpensada - Trento, Trento, Italia","[46.046858, 11.134008]"
63,Weekend: tutti gli eventi in Trentino,http://www.trentotoday.it/eventi/weekend/cosa-fare-14-15-16-febbraio.html,"Piazza del Duomo - Trento, Trento, Italia","[46.067375, 11.120989]"
64,Ciò che vedo: nuova figurazione italiana a Trento,http://www.trentotoday.it/eventi/nuova-figurazione-italia.html,"Via Rodolfo Belenzani - Trento, Trento, Italia","[46.068872, 11.121219]"
65,Minorenne denuncia violenza ma la rimandano a casa: protesta sotto la Questura,http://www.trentotoday.it/attualita/minorenne-denuncia-violenza-rifiutata.html,"Viale Verona - Trento, Trento, Italia","[46.046459, 11.129586]"
66,"Camion si incastra alla Pontara, strada bloccata",http://www.trentotoday.it/cronaca/incidente-stradale/pontara-chiusa-camion-bloccato.html,"Via della Pontara - Trento, Trento, Italia","[46.073366, 11.126909]"
67,Alle Gallerie di Piedicastello in mostra un secolo di filmati amatoriali,http://www.trentotoday.it/eventi/mostra-film-gallerie-piedicastello.html,"Vicolo di Piedicastello - Trento, Trento, Italia","[46.071059, 11.114491]"
68,Tamponamento tra camion sulla A22,http://www.trentotoday.it/cronaca/incidente-stradale/chiusa-tamponamento-camion.html,"Via Berlino - Trento, Trento, Italia","[46.07743, 11.109565]"
69,Il canto popolare: storie musicali di un passato presente,http://www.trentotoday.it/eventi/se-fossi-rondinella-bertoldi.html,"Via Tommaso Gar, 14 - Trento, Trento, Italia","[46.067458, 11.116889]"
70,"""Pareva 'na bella idea"": arriva la Filodrammatica di Viarago",http://www.trentotoday.it/eventi/pareva-na-bella-viarago.html,"Via per Belvedere, 4 - Trento, Trento, Italia","[46.038392, 11.107453]"
71,"""Fuori i gioielli!"", la commedia al teatro di Ravina",http://www.trentotoday.it/eventi/fuori-gioielli-doss-caslir-cembra.html,"Via per Belvedere 4 - Trento, Trento, Italia","[46.045, 11.1055]"
72,Auto contro furgone a Lavis: un ferito grave,http://www.trentotoday.it/cronaca/incidente-stradale/lavis-code-oggi.html,"Strada Provinciale 235 - Lavis, Trento, Italia","[46.156542, 11.07846]"
73,Arriva Salvini: le Sardine prenotano piazza D'Arogno,http://www.trentotoday.it/politica/salvini-trento-sardine-comunali.html,"Piazza Adamo d&#039;Arogno - Trento, Trento, Italia","[46.066711, 11.12146]"
74,"Meteo, previsioni per il weekend del 15/16 febbraio",http://www.trentotoday.it/meteo/previsioni-weekend-14-15-16-febbraio.html,"Piazza del Duomo - Trento, Trento, Italia","[46.067375, 11.120989]"
75,"Scontro tra auto e scooter in piazza Venezia: motociclista ferito, traffico in tilt",http://www.trentotoday.it/cronaca/incidente-stradale/piazza-venezia-traffico-13-febbraio.html,"Piazza Venezia - Trento, Trento, Italia","[46.068531, 11.127291]"
76,Nasce la Fondazione Antonio Megalizzi,http://www.trentotoday.it/attualita/fondazione-antonio-megalizzi.html,"Piazza Dante - Trento, Trento, Italia","[46.071449, 11.121209]"
77,"Degasperi candidato sindaco, gli attivisti del M5S: ""Si dimetta dal gruppo""",http://www.trentotoday.it/politica/degasperi-resta-cinque-stelle.html,"Piazza Dante - Trento, Trento, Italia","[46.071449, 11.121209]"
78,Trento Film Festival: ecco come diventare volontari,http://www.trentotoday.it/attualita/film-festival-come-diventare-volontari.html,"Via Calepina - Trento, Trento, Italia","[46.0671, 11.12445]"
79,Schianto tra camion in A22: due autisti imprigionati nelle cabine distrutte,http://www.trentotoday.it/cronaca/incidente-stradale/tamponamento-camion-a22-oggi.html,"Via Berlino - Trento, Trento, Italia","[46.07743, 11.109565]"
80,"Lago di Braies invaso dai ""turisti del selfie"": pochissimi passano la notte in valle",http://www.trentotoday.it/attualita/lago-braies-troppi-turisti.html,"Via Alto Adige - Trento, Trento, Italia","[46.127139, 11.109432]"
81,"Uccise un gallo cedrone a racchettate, assolto: era legittima difesa",http://www.trentotoday.it/attualita/gallo-cedrone-ucciso-difesa.html,"Via Carlo Antonio Pilati - Trento, Trento, Italia","[46.06602, 11.12722]"
82,Percorsi di degustazione in Trentino con i sommelier di Aspi,http://www.trentotoday.it/eventi/degustazioni-vino-febbraio-marzo-trentino.html,"Via della Malvasia - Trento, Trento, Italia","[46.076491, 11.124855]"
83,"Cena dell'Azienda sanitaria in un ristorante cinese: ""Il virus non si diffonde con il cibo""",http://www.trentotoday.it/attualita/coronavirus-cibo-cinese-bufala.html,"Via Giovanni Zanella - Trento, Trento, Italia","[46.0675, 11.118876]"
84,"L'auto passa, e pochi secondi dopo l'albero cade sulla strada",http://www.trentotoday.it/cronaca/albero-vento-passo-san-pellegrino.html,"Strada Statale 346 del Passo di San Pellegrino - Pozza di Fassa, Trento, Italia","[46.372009, 11.739485]"
85,San Valentino al MUSE nel segno di Darwin,http://www.trentotoday.it/eventi/san-valentino-muse.html,"Via Roberto da Sanseverino - Trento, Trento, Italia","[46.056951, 11.112458]"
86,"Sport, salute e tecnologia a Roncegno",http://www.trentotoday.it/eventi/sport-salute-e-tecnologia-7166702.html,"Viale Giovanni Froner, 3 - Roncegno Terme, Trento, Italia","[46.05304, 11.41152]"
87,"Filippo Degasperi candidato sindaco di Trento con i ""dissidenti"" ex Cinque Stelle",http://www.trentotoday.it/politica/degasperi-candidato-sindaco.html,"Piazza Dante - Trento, Trento, Italia","[46.071449, 11.121209]"
88,"I sindaci della Vallagarina: ""A22 gratis anche tra Trento e Rovereto""",http://www.trentotoday.it/attualita/a22-gratis-trento-rovereto.html,"Via Berlino - Trento, Trento, Italia","[46.07743, 11.109565]"
89,Fiamme nel centro benessere di un hotel a Ledro,http://www.trentotoday.it/cronaca/incendio-sauna-ledro.html,"Localit&agrave; al Faggio - Ledro, Trento, Italia","[45.937387, 10.73935]"
90,Strisce a led che si illuminano al passaggio dei pedoni: la proposta in Comune,http://www.trentotoday.it/attualita/strisce-pedonali-led.html,"Via Torre Verde - Trento, Trento, Italia","[46.071027, 11.123533]"
91,Tutti i Carnevali 2020 in Trentino,http://www.trentotoday.it/eventi/carnevali-trentino-2020.html,"Piazza del Duomo - Trento, Trento, Italia","[46.067375, 11.120989]"
92,Picchia la sorella e la chiude fuori casa: denunciato per stalking,http://www.trentotoday.it/cronaca/stalking-fratello-sorella.html,"Viale Verona - Trento, Trento, Italia","[46.046459, 11.129586]"
93,"Foibe: lapide rimossa per evitare vandalismi, poi rimessa per la commemorazione",http://www.trentotoday.it/attualita/lapide-foibe-scomparsa.html,"Largo Luigi Pigarelli - Trento, Trento, Italia","[46.066091, 11.125826]"
94,Fiera Idee Ben Essere: il ben-essere a tutto tondo,http://www.trentotoday.it/eventi/fiera-idee-benessere-trento.html,"Via di Briamasco, 2 - Trento, Trento, Italia","[46.064873, 11.116138]"
95,Fabio Concato torna a Trento,http://www.trentotoday.it/eventi/fabio-concato-auditorium.html,"Via Santa Croce, 67 - Trento, Trento, Italia","[46.063447, 11.12452]"
96,Escono di strada ed abbattono le viti prima di schiantarsi: paura per due ragazzi,http://www.trentotoday.it/cronaca/incidente-stradale/dro-ragazzi-auto-vigneto.html,"SS45bis - Dro, Trento, Italia","[45.959249, 10.912844]"
97,"Meteo: la settimana inizia con le nuvole ma sarà serena, possibile nevicata notturna",http://www.trentotoday.it/meteo/previsioni-11-12-13-febbraio.html,"Piazza del Duomo - Trento, Trento, Italia","[46.067375, 11.120989]"
98,Olocausto: la Scuola Primaria di Cembra incontra lo scrittore Casadidio,http://www.trentotoday.it/social/segnalazioni/olocausto-scuola-cembra.html,"Via Negritelle, 3 - Cembra, Trento, Italia","[46.17249, 11.222667]"
99,Weekend: tutti gli appuntamenti in Trentino,http://www.trentotoday.it/eventi/cosa-fare-7-8-9-febbraio.html,"Piazza del Duomo - Trento, Trento, Italia","[46.067375, 11.120989]"
100,Auto a fuoco in corsia d'emergenza sulla A22,http://www.trentotoday.it/cronaca/incidente-stradale/a22-incendio-auto.html,"Via Berlino - Trento, Trento, Italia","[46.07743, 11.109565]"
101,"Sorpasso in galleria, poi l'inseguimento: fermato sulla statale con alcol 3 volte il limite",http://www.trentotoday.it/attualita/sorpasso-galleria.html,"Via Statale 12 - Lavis, Trento, Italia","[46.141871, 11.10499]"
102,Meteo: cielo sereno ma temperature molto rigide,http://www.trentotoday.it/meteo/previsioni-weekend-8-9-febbraio.html,"Piazza del Duomo - Trento, Trento, Italia","[46.067375, 11.120989]"
103,Vittime delle Foibe ed esuli giuliani: torna il Giorno del Ricordo,http://www.trentotoday.it/eventi/giorno-ricordo-foibe-2020.html,"Largo Luigi Pigarelli - Trento, Trento, Italia","[46.066091, 11.125826]"
104,"Piazza Duomo si tinge di viola, ecco perchè",http://www.trentotoday.it/attualita/duomo-viola-perche.html,"Piazza del Duomo - Trento, Trento, Italia","[46.067375, 11.120989]"
105,Domeniche per famiglie al Buonconsiglio,http://www.trentotoday.it/eventi/buonconsiglio-attivita-bambini.html,"Via dei Ventuno - Trento, Trento, Italia","[46.069472, 11.127332]"
106,Il centrodestra ha scelto il candidato sindaco di Trento: ecco chi è,http://www.trentotoday.it/politica/elezioni-comunali-candidato-centrodestra.html,"Via Torre Verde - Trento, Trento, Italia","[46.071027, 11.123533]"
107,"Incidente a Mezzolombardo, si schiantano all'uscita della galleria: sei ventenni feriti",http://www.trentotoday.it/cronaca/incidente-stradale/mezzolombardo-sei-feriti.html,"Via della Rupe - Mezzolombardo, Trento, Italia","[46.192802, 11.098106]"
108,Fermato dalla Polizia chiama l'avvocato prima dell'alcoltest: gli ritirano la patente comunque,http://www.trentotoday.it/attualita/posto-blocco-chiamare-avvocato.html,"Viale Verona - Trento, Trento, Italia","[46.046459, 11.129586]"
109,"Parto in casa, ma la bimba è podalica: a processo i genitori e due ostetriche",http://www.trentotoday.it/cronaca/parto-casa-genitori-processati.html,"Via Carlo Antonio Pilati - Trento, Trento, Italia","[46.06602, 11.12722]"
110,"Dalla Provincia aiuti ai coniugi separati, anche senza figli: approvato il Ddl",http://www.trentotoday.it/politica/aiuti-padri-separati-provincia.html,"Piazza Dante - Trento, Trento, Italia","[46.071449, 11.121209]"
111,Filtri e cartine ora sono tassati: commercianti denunciati per contrabbando,http://www.trentotoday.it/economia/cartine-filtri-monopolio-stato.html,"Via Bolzano - Trento, Trento, Italia","[46.104564, 11.109925]"
112,"Teleferiche nei boschi dopo Vaia, pericolo per gli elicotteri. I piloti: ""Per noi i cavi sono invisibili""",http://www.trentotoday.it/attualita/slackline-cavi-regole-elicotteri.html,"Via Aeroporto - Trento, Trento, Italia","[46.107419, 11.104034]"
113,"Coronavirus: ""isolamento fiduciario"" raccomandato a chi torna dalla Cina, bambini compresi",http://www.trentotoday.it/cronaca/coronavirus-bambini-cinesi-scuole.html,"Piazza Dante - Trento, Trento, Italia","[46.071449, 11.121209]"
114,Vento forte: chiuse le piste da sci,http://www.trentotoday.it/meteo/piste-chiuse-vento-trentino.html,"Strada del Monte Bondone - Trento, Trento, Italia","[46.069784, 11.094918]"
115,Memoria: 178 studenti trentini in viaggio verso Auschwitz,http://www.trentotoday.it/formazione/scuola/viaggio-auschwitz-studenti.html,"Piazza Dante - Trento, Trento, Italia","[46.071449, 11.121209]"
116,"""Sono di Salerno ma tifo Trento fin da piccolo"": fan gialloblù scrive il brano per la curva",http://www.trentotoday.it/attualita/tifoso-trento-coro-salerno.html,"Via di Briamasco - Trento, Trento, Italia","[46.065025, 11.11784]"
117,Mercatino dei Gaudenti: tutte le date del 2020,http://www.trentotoday.it/eventi/mercatino-usato-gaudenti-quando.html,"Piazza Giovanni Battista Garzetti - Trento, Trento, Italia","[46.065905, 11.123966]"
118,Val di Non: violento scontro tra due auto al bivio di Dermulo,http://www.trentotoday.it/cronaca/incidente-stradale/dermulo-sebino-strada.html,"SS43 - Denno, Trento, Italia","[46.273788, 11.064459]"
119,"Vento forte, il Comune: ""Attenzione agli alberi""",http://www.trentotoday.it/attualita/vento-forte-alberi-4-5-febbraio.html,"Piazza delle Erbe - Trento, Trento, Italia","[46.067531, 11.123911]"
120,"Enrico Ruggeri a Trento con ""Una storia da cantare tour""",http://www.trentotoday.it/eventi/enrico-ruggeri-santa-chiara-2020.html,"Via Santa Croce, 67 - Trento, Trento, Italia","[46.063447, 11.12452]"
121,Ricercato per truffa in Francia ma è in vacanza in Val Gardena: arrestato dai Carabinieri,http://www.trentotoday.it/cronaca/ricercato-truffa-francia-alto-adige.html,"Via Alto Adige - Trento, Trento, Italia","[46.127139, 11.109432]"
122,Asilo: ecco come fare l'iscrizione,http://www.trentotoday.it/attualita/iscrizione-asilo-2020-2021.html,"Via Giovanni Zanella - Trento, Trento, Italia","[46.0675, 11.118876]"
123,Frontale tra auto e furgone sulla Maza: viabilità in tilt verso la Busa,http://www.trentotoday.it/cronaca/incidente-stradale/maza-arco-code-4-febbraio.html,"Localit&agrave; Maza - Arco, Trento, Italia","[45.899546, 10.887311]"
124,Una donna normale: Roberto Costantini presenta il suo nuovo libro,http://www.trentotoday.it/eventi/roberto-costantini-ubik.html,"Corso 3 Novembre 1918 - Trento, Trento, Italia","[46.06108, 11.125068]"
125,"Incidente sulla Gotarda: tre auto coinvolte, ferite due ventenni",http://www.trentotoday.it/cronaca/incidente-stradale/gotarda-romagnano-aldeno-chiusa.html,"via della Gotarda - Trento, Trento, Italia","[46.008714, 11.124951]"
126,"Essere Leonardo, a Palazzo delle Albere due spettacoli su Da Vinci",http://www.trentotoday.it/eventi/leonardo-davinci-muse-2020.html,"Via Roberto da Sanseverino - Trento, Trento, Italia","[46.056951, 11.112458]"
127,"Autostrada gratis nelle ore ""calde"" a Rovereto",http://www.trentotoday.it/attualita/autostrada-gratis-rovereto.html,"A22 - Rovereto, Trento, Italia","[45.899481, 11.02443]"
128,Con i vecchi pacchi del caffè si fanno i sacchi a pelo per i senza dimora,http://www.trentotoday.it/cronaca/sacchi-pelo-confezioni-caffe.html,"Via della Saluga - Trento, Trento, Italia","[46.070888, 11.129827]"
129,"Meteo: settimana estremamente variabile, con forte vento",http://www.trentotoday.it/meteo/previsioni-4-5-6-febbraio.html,"Piazza del Duomo - Trento, Trento, Italia","[46.067375, 11.120989]"
130,Messaggio della Protezione Civile: in arrivo forti raffiche di vento,http://www.trentotoday.it/meteo/vento-forte-4-5-febbraio.html,"Piazza Dante - Trento, Trento, Italia","[46.071449, 11.121209]"
131,"Incidente in Valsugana, un ferito grave",http://www.trentotoday.it/cronaca/incidente-stradale/valsugana-ca-rossa.html,"Superstrada Valsugana - Pergine Valsugana, Trento, Italia","[46.059949, 11.229549]"
132,"Giovane medico romano muore in Paganella, caduta fatale prima della ferrata",http://www.trentotoday.it/cronaca/emanuele-rastelli-medico-morto-montagna.html,"Via Paganella - Molveno, Trento, Italia","[46.142575, 10.967568]"
133,"Coronavirus, rientrato a Roma il volo con gli italiani di Wuhan tra cui lo studente di Trento",http://www.trentotoday.it/attualita/lorenzo-berardino-cina-tornato-italia.html,"Via Aeroporto - Trento, Trento, Italia","[46.107419, 11.104034]"
134,"In cento sul Pasubio per cercare Daniele, scomparso da una settimana",http://www.trentotoday.it/cronaca/daniele-mezzari-pasubio-scomparso.html,"Via Vicenza - Trento, Trento, Italia","[46.058174, 11.136531]"
135,"Tetto in fiamme a Tavon, notte di lavoro per i Vigili del Fuoco",http://www.trentotoday.it/cronaca/incendio-tavon.html,"Via Tavon - Cles, Trento, Italia","[46.354705, 11.088918]"
136,"Scritta shock sulla chiesa di San Pietro, il consigliere Pattini: ""La telecamera ha ripreso tutto""",http://www.trentotoday.it/attualita/scritta-chiesa-san-pietro.html,"Via San Pietro - Trento, Trento, Italia","[46.069309, 11.124427]"
137,Precipita nel vuoto alla partenza della ferrata: morto giovane escursionista,http://www.trentotoday.it/cronaca/morto-ferrata-aquile-paganella.html,"Via Paganella - Molveno, Trento, Italia","[46.142575, 10.967568]"
138,"Vigile del Fuoco, forestale ed assessore. ""Daniele era un ragazzo d'oro, avrebbe dato ancora tanto""",http://www.trentotoday.it/cronaca/incidente-stradale/daniele-asson-forestale-morto.html,"SS43 - Don, Trento, Italia","[46.295617, 11.068]"
139,Dal mare alle montagne: la nuotatrice azzurra Alice Franco al 6° Reggimento Alpini,http://www.trentotoday.it/sport/alice-franco-nuoto-alpini.html,"Via Alto Adige - Trento, Trento, Italia","[46.127139, 11.109432]"
140,Strage di Lutago: Stefano Lechner trasferito al convento di Novacella,http://www.trentotoday.it/attualita/lutago-morti-arresti-convento-novacella.html,"Via Bolzano - Trento, Trento, Italia","[46.104564, 11.109925]"
141,Trento dice 'no' alla Valdastico,http://www.trentotoday.it/politica/trento-no-valdastico.html,"Via Rodolfo Belenzani - Trento, Trento, Italia","[46.068872, 11.121219]"
142,"Tutti gli eventi del weekend, ed i primi carnevali",http://www.trentotoday.it/eventi/weekend/cosa-fare-31-1-2-febbraio.html,"Piazza del Duomo - Trento, Trento, Italia","[46.067375, 11.120989]"
143,"Università di Trento: ecco i test di ammissione primaverili, per Medicina bisogna aspettare settembre",http://www.trentotoday.it/formazione/universita/test-ammissione-universita-trento-2020.html,"Via Giuseppe Verdi - Trento, Trento, Italia","[46.066523, 11.117443]"
144,Dopo gli alpini i fanti: a Trento l'Adunata nazionale,http://www.trentotoday.it/attualita/adunata-fanti-trento.html,"Via Piave - Trento, Trento, Italia","[46.062581, 11.126284]"
145,"Sgarbi ora è anche consigliere in Emilia, Luca Zeni: ""Troppi incarichi?""",http://www.trentotoday.it/politica/sgarbi-consigliere-emilia-romagna.html,"Corso Bettini - Rovereto, Trento, Italia","[45.893923, 11.043605]"
146,"Coronavirus, attivato un volo per riportare a casa gli italiani a Wuhan",http://www.trentotoday.it/cronaca/coronavirus-aereo-italiani-cina.html,"Largo Medaglie d&#039;oro - Trento, Trento, Italia","[46.057786, 11.132864]"
147,"Parco della Lessinia: dopo la marcia dei 10.000 Zaia, infuriato, chiede uno 'stop'",http://www.trentotoday.it/green/parco-lessinia-protesta-fermato-taglio.html,"Localita Sega, 7 - Ala, Trento, Italia","[45.694268, 10.975645]"
148,Coronavirus: due casi sospetti a Bolzano,http://www.trentotoday.it/attualita/virus-cina-bolzano.html,"Via Bolzano - Trento, Trento, Italia","[46.104564, 11.109925]"
149,Due tir si tamponano in A22: quattro chilometri di coda,http://www.trentotoday.it/cronaca/incidente-stradale/a22-nogaredo-code-29-gennaio.html,"A22 - Rovereto, Trento, Italia","[45.899481, 11.02443]"
150,"Protesta della Coldiretti contro la cimice asiatica, c'è anche Fugatti: ""Servono controlli alla frontiera""",http://www.trentotoday.it/politica/coldiretti-cimice-asiatica.html,"Viale Verona - Trento, Trento, Italia","[46.046459, 11.129586]"
151,"Escursionista disperso, quarto giorno di ricerche sul Pasubio",http://www.trentotoday.it/cronaca/daniele-mazzari-scomparso-pasubio.html,"Via Pasubio - Rovereto, Trento, Italia","[45.887265, 11.028612]"
152,Ruba una borsa con i regali di Natale dimenticata al ristorante: denunciato,http://www.trentotoday.it/cronaca/furto-borsa-ristorante-mori.html,"Strada Provinciale 90 - Mori, Trento, Italia","[45.845027, 10.989458]"
153,"Coronavirus, lo studente di Trento a Wuhan: ""Mai detto che non c'è più cibo""",http://www.trentotoday.it/cronaca/coronavirus-cina-lorenzo-berardino.html,"Via Giuseppe Verdi - Trento, Trento, Italia","[46.066523, 11.117443]"
154,"Coronavirus, l'assessore Segnana: ""Molto simile all'influenza, mortalità molto bassa: 2/3%""",http://www.trentotoday.it/benessere/salute/coronavirus-morti-influenza.html,"Largo Medaglie d&#039;oro - Trento, Trento, Italia","[46.057786, 11.132864]"
155,"Transiti, appuntamento con Julia Kent, Ramon Moro e Paolo Spaccamonti",http://www.trentotoday.it/eventi/transiti-2020-sanpabolis-vampyr.html,"Via della Malpensada - Trento, Trento, Italia","[46.046858, 11.134008]"
156,Festival dello Sport: il titolo della terza edizione è un brano immortale dei Queen,http://www.trentotoday.it/sport/festival-sport-titolo-2020.html,"Via Giuseppe Verdi - Trento, Trento, Italia","[46.066523, 11.117443]"
157,Controlli nelle vie attorno a piazza Dante: droga nascosta nelle siepi e nei tombini,http://www.trentotoday.it/cronaca/spaccio-via-petrarca.html,"Via Francesco Petrarca - Trento, Trento, Italia","[46.073342, 11.124106]"
158,"Entra in sala slot con passamontagna e coltello: ""Fuori i soldi""",http://www.trentotoday.it/cronaca/rapina-slot-craffonara.html,"Via Craffonara - Rovereto, Trento, Italia","[45.886695, 11.034147]"
159,"Strage di Lutago, la difesa: ""I pedoni erano in mezzo alla strada""",http://www.trentotoday.it/cronaca/strage-lutago-pedoni-investiti.html,"Via Alto Adige - Trento, Trento, Italia","[46.127139, 11.109432]"
160,Un osservatorio provinciale contro l'odio e le discriminazioni: la proposta del PD trentino,http://www.trentotoday.it/politica/osservatorio-odio-razzismo-trentino.html,"Piazza Mario Pasi - Trento, Trento, Italia","[46.067765, 11.122153]"
161,"Iscrivere i richiedenti asilo all'Anagrafe, la mozione in Consiglio comunale",http://www.trentotoday.it/attualita/richiedenti-asilo-residenza-anagrafe.html,"Via Rodolfo Belenzani - Trento, Trento, Italia","[46.068872, 11.121219]"
162,Disperso sul Pasubio: ancora nessuna notizia,http://www.trentotoday.it/cronaca/disperso-pasubio-ricerche.html,"Via Pasubio - Trento, Trento, Italia","[46.060275, 11.133363]"
163,"Coronavisurs, anche in Trentino una task force di Apss",http://www.trentotoday.it/attualita/coronavirus-trentino.html,"Largo Medaglie d&#039;oro - Trento, Trento, Italia","[46.057786, 11.132864]"
164,"Voto Emilia Romagna: esultano PD e Ianeselli, silenzio social per il centrodestra",http://www.trentotoday.it/politica/bonaccini-lega-emilia-romagna-elezioni.html,"Piazza Giovanni Battista Garzetti - Trento, Trento, Italia","[46.065905, 11.123966]"
165,Teo Teocoli a Trento,http://www.trentotoday.it/eventi/teo-teocoli-santa-chiara-2020.html,"Via Santa Croce, 67 - Trento, Trento, Italia","[46.063447, 11.12452]"
166,"Castelli del Trentino: oltre 300.000 visitatori in un anno, la metà al Buonconsiglio",http://www.trentotoday.it/attualita/castelli-visitabili-trentino.html,"Via Bernardo Clesio - Trento, Trento, Italia","[46.070846, 11.126657]"
167,"Jeep sulle Dolomiti, la replica di Suzuki: ""Ci saranno solamente 6 auto""",http://www.trentotoday.it/attualita/jeep-suzuki-primiero.html,"Via Passo Rolle, 21 - Tonadico, Trento, Italia","[46.255082, 11.799299]"
168,In 10.000 in Lessinia per dire 'no' alla riduzione del Parco,http://www.trentotoday.it/green/marcia-protesta-lessinia.html,"Localita Sega, 7 - Ala, Trento, Italia","[45.694225, 10.975524]"
169,"""Finché social non ci separi...live"" all'Auditorium S. Chiara",http://www.trentotoday.it/eventi/finche-social-katia-follesa-angelo-pisani.html,"Via Santa Croce, 67 - Trento, Trento, Italia","[46.063447, 11.12452]"
170,Onoranze Funebri Malcontenti: commedia noir a Ravina,http://www.trentotoday.it/eventi/onoranze-funebri-malcontenti-filodrammatica-cavrasto.html,"Via per Belvedere, 4 - Trento, Trento, Italia","[46.038392, 11.107453]"
171,Django girls a Trento: il web visto dalle donne,http://www.trentotoday.it/eventi/django-girl-corso-web.html,"Piazza di Fiera, 4 - Trento, Trento, Italia","[46.064866, 11.124211]"
172,Disperso da tre giorni sul Pasubio,http://www.trentotoday.it/cronaca/ricerche-pasubio-disperso.html,"Via Pasubio - Rovereto, Trento, Italia","[45.887265, 11.028612]"
173,Mattarella a Trento: folla in via Belenzani per il Presidente,http://www.trentotoday.it/attualita/mattarella-trento-25-gennaio.html,"Via Rodolfo Belenzani - Trento, Trento, Italia","[46.068872, 11.121219]"
174,Investita in via al Desert: è gravissima,http://www.trentotoday.it/cronaca/incidente-stradale/invetita-via-desert.html,"Via al Desert - Trento, Trento, Italia","[46.049593, 11.116909]"
175,Tragedia a Villazzano: anziana muore intrappolata nell'incendio,http://www.trentotoday.it/cronaca/incendio-villazzano-donna-morta.html,"Via della Villa - Trento, Trento, Italia","[46.046627, 11.144827]"
176,"Da luglio buste paga più ricche per 180mila trentini, rischio di minor gettito per la Provincia",http://www.trentotoday.it/economia/bonus-aumento-busta-paga.html,"Piazza Dante Aligheri - Trento, Trento, Italia","[46.071613, 11.121259]"
177,"Chiuso il Comitato, nasce il Tavolo faunistico ma le associazioni ambientaliste non partecipano",http://www.trentotoday.it/politica/tavolo-faunistico-senza-associazioni-ambientaliste.html,"Piazza Dante Aligheri - Trento, Trento, Italia","[46.071613, 11.121259]"
178,"Il sindacato pensionati: ""Più servizi domiciliari, diritto di invecchiare a casa propria""",http://www.trentotoday.it/attualita/servizi-domiciliari-anziani.html,"Via San Giovanni Bosco - Trento, Trento, Italia","[46.064584, 11.126806]"
179,Centro Santa Chiara: la Giunta stabilizza 14 lavoratori precari,http://www.trentotoday.it/attualita/precari-centro-santa-chiara-assunti.html,"Via Santa Croce - Trento, Trento, Italia","[46.063979, 11.123457]"
180,Weekend: tutti gli eventi in Trentino,http://www.trentotoday.it/eventi/cosa-fare-24-25-26-gennaio.html,"Piazza del Duomo - Trento, Trento, Italia","[46.067375, 11.120989]"
181,Serata tributo ai Red Hot Chili Peppers,http://www.trentotoday.it/eventi/merlot-chili-peppers-diversa.html,"Via Ezio Maccani - Trento, Trento, Italia","[46.086631, 11.111712]"
182,Al Teatro Cuminetti la fiaba di Cappuccetto Rosso,http://www.trentotoday.it/eventi/cappuccetto-rosso-cuminetti.html,"Via Santa Croce, 15 - Trento, Trento, Italia","[46.064754, 11.123496]"
183,Capodanno cinese in piazza Dante a Trento,http://www.trentotoday.it/eventi/capodanno-cinese-piazza-dante-2020.html,"Piazza Dante Aligheri - Trento, Trento, Italia","[46.071613, 11.121259]"
184,Camion perde il carico di acido nitrico: allarme chimico a Trento Nord,http://www.trentotoday.it/cronaca/incidente-stradale/a22-sversamento-acido-nitrico.html,"A22 - Trento, Trento, Italia","[46.068383, 11.10885]"
185,Meteo: dopo una settimana di sole arriva un weekend di nuvole,http://www.trentotoday.it/meteo/previsioni-24-25-26-gennaio.html,"Piazza del Duomo - Trento, Trento, Italia","[46.067375, 11.120989]"
186,"Incidente sulla strada dell'Interporto: auto tra due camion, traffico bloccato",http://www.trentotoday.it/cronaca/incidente-stradale/interporto-tangenziale-24-gennaio.html,"Via Innsbruck, 13 - Trento, Trento, Italia","[46.110728, 11.091039]"
187,"Si attacca al citofono della comunità di accoglienza, poi lo stacca e lo ruba: arrestato",http://www.trentotoday.it/cronaca/citofono-comunita-sentiero-arrestato.html,"Via della Cervara - Trento, Trento, Italia","[46.073222, 11.127995]"
188,Veicolo in panne nella galleria: lunghe code sulla statale della Valsugana,http://www.trentotoday.it/attualita/code-valsugana-veicolo-fermo.html,"Tangenziale Ovest - Trento, Trento, Italia","[46.057825, 11.109681]"
189,"""Smartphone e tablet nei primi anni di vita"": un corso per affrontare il problema",http://www.trentotoday.it/formazione/corsi-formazione/corsi-smartphone-asili-nido.html,"Via Francesco Petrarca - Trento, Trento, Italia","[46.073342, 11.124106]"
190,"Bisesti: ""Sul candidato sindaco caos strumentale"". (E se il candidato fosse proprio lui?)",http://www.trentotoday.it/politica/bisesti-possibile-candidato-sindaco.html,"Via Rodolfo Belenzani - Trento, Trento, Italia","[46.068872, 11.121219]"
191,"Broadway Celebration, il musical a Trento",http://www.trentotoday.it/eventi/broadway-celebration-trento-2020.html,"Via Santa Croce, 67 - Trento, Trento, Italia","[46.063447, 11.12452]"
192,"Presi i ""ladri del pomeriggio"" accusati di più di 50 furti in Trentino Alto Adige",http://www.trentotoday.it/cronaca/furti-trentino-ladri-verona.html,"Viale Verona - Trento, Trento, Italia","[46.046459, 11.129586]"
193,Il mercato del giovedì torna in via Esterle,http://www.trentotoday.it/attualita/mercato-cittadino-via-esterle.html,"Via Senatore Carlo Esterle, 9 - Trento, Trento, Italia","[46.065903, 11.121262]"
194,"A Ravina arriva il musical ""Gli aristomatti""",http://www.trentotoday.it/eventi/aristomatti-filodrammatica-tesero.html,"Via per Belvedere, 4 - Trento, Trento, Italia","[46.038392, 11.107453]"
195,"Concerto ""La lirica incanta"": le arie più amate a teatro",http://www.trentotoday.it/eventi/concerto-lirica-mori.html,"Via Teatro, 60 - Mori, Trento, Italia","[45.854252, 10.976262]"
196,"Caso Marangoni, CGIL: ""La Giunta si accorda direttamente con l'azienda, precedente pericoloso""",http://www.trentotoday.it/economia/accordo-marangoni-licenziamenti.html,"Viale dell&#039;Industria - Rovereto, Trento, Italia","[45.869303, 11.020924]"
197,Festival dello Sport: confermata la terza edizione,http://www.trentotoday.it/attualita/festival-sport-2020.html,"Piazza Dante - Trento, Trento, Italia","[46.071449, 11.121209]"
198,"Falso vino DOC, Coldiretti: ""Tolleranza zero, a rischio un settore strategico""",http://www.trentotoday.it/economia/falso-vino-doc-oltrepo.html,"Via Statale 12, 12 - Lavis, Trento, Italia","[46.174572, 11.1218]"
199,Sta per partire la quarta edizione del Teatro della Meraviglia,http://www.trentotoday.it/eventi/teatro-meraviglia-2020.html,"Via della Malpensada - Trento, Trento, Italia","[46.046858, 11.134008]"
200,"Tutti morimmo a stento, un tributo a De Andrè",http://www.trentotoday.it/eventi/deandre-apocrifi-rovereto-2020.html,"Corso Bettini - Rovereto, Trento, Italia","[45.893923, 11.043605]"
201,"L'assessore Spinelli: ""Nessun esubero alla Marangoni"", ma ci saranno 20 pensionamenti",http://www.trentotoday.it/economia/marangoni-no-licenziamenti.html,"Viale dell&#039;Industria - Rovereto, Trento, Italia","[45.869303, 11.020924]"
202,Torna il Trentino dei bambini,http://www.trentotoday.it/eventi/trentino-bambini-2020.html,"Via di Briamasco - Trento, Trento, Italia","[46.065025, 11.11784]"
203,"La scienza di Star Wars, conferenza-spettacolo con Luca Perri",http://www.trentotoday.it/eventi/la-scienza-di-star-wars-conferenza-spettacolo-con-luca-perri.html,"Corso del Lavoro e della Scienza - Trento, Trento, Italia","[46.059654, 11.115926]"
204,Vino DOC falso da Pavia a Lavis: blitz della Guardia di Finanza,http://www.trentotoday.it/economia/oltrepo-vino-arresti-lavis.html,"Via Statale 12 - Lavis, Trento, Italia","[46.141871, 11.10499]"
205,Rapine a Martignano ed in via Fersina: il Questore aumenta i controlli,http://www.trentotoday.it/cronaca/aumento-pattuglie-rapine.html,"Viale Verona - Trento, Trento, Italia","[46.046459, 11.129586]"
206,"Vino DOC contraffatto: perquisizioni in Trentino, blitz all'alba e sette arresti",http://www.trentotoday.it/cronaca/vino-doc-guardia-finanza-cantine.html,"Via Gian Domenico Romagnosi - Trento, Trento, Italia","[46.073053, 11.122166]"
207,Camion in fiamme sulla A22: code di 4 chilometri,http://www.trentotoday.it/cronaca/incendio-camion-a22-oggi.html,"Via Berlino - Trento, Trento, Italia","[46.07743, 11.109565]"
208,"Trova la vetrina del negozio sfondata da un'auto, ma nessuna traccia del responsabile",http://www.trentotoday.it/cronaca/vetrina-sfondata-magie-terra.html,"Corso degli Alpini - Trento, Trento, Italia","[46.078394, 11.118629]"
209,"Giro d'Italia 2020: in Trentino due tappe fondamentali, ed un passo inedito",http://www.trentotoday.it/sport/giro-italia-2020-tappe-trentino.html,"Via Brescia - Trento, Trento, Italia","[46.072633, 11.107233]"
210,"Gardaland: apre il parco acquatico Lego, ecco come sarà",http://www.trentotoday.it/attualita/lego-parco-acquatico-gardaland.html,"Viale Verona - Trento, Trento, Italia","[46.046459, 11.129586]"
211,"Tenta di uccidere una ragazza, ricercato da tre giorni: vede i carabinieri e si dà fuco",http://www.trentotoday.it/cronaca/petro-lucaci-omicidio-incendio.html,"Via Brescia - Trento, Trento, Italia","[46.072633, 11.107233]"
212,"Facoltà di Medicina: c'è l'accordo tra Trento, Verona e Padova",http://www.trentotoday.it/attualita/facolta-medicina-trento-verona-padova.html,"Via Giuseppe Verdi - Trento, Trento, Italia","[46.066523, 11.117443]"
213,Trentino Emergenza dona 12 defibrillatori alla Guardia di Finanza,http://www.trentotoday.it/attualita/defibrillatori-guardia-finanza.html,"Via Gian Domenico Romagnosi - Trento, Trento, Italia","[46.073053, 11.122166]"
214,"""Ti pago con Postepay, digita questo codice"": attenzione alla truffa, otto denunce",http://www.trentotoday.it/cronaca/truffa-pagamenti-postepay.html,"Viale Trento - Riva del Garda, Trento, Italia","[45.893401, 10.848026]"
215,Due incidenti nella notte: A22 bloccata,http://www.trentotoday.it/cronaca/incidente-stradale/a22-salorno-tir-rovesciato.html,"Via Berlino - Trento, Trento, Italia","[46.07743, 11.109565]"
216,"Puzzone di Moena a rischio listeria, ritirato dal mercato",http://www.trentotoday.it/economia/puzzone-moena-listeria.html,"Via del Brennero - Trento, Trento, Italia","[46.084893, 11.119293]"
217,"Niente case Itea alle famiglie con condannati, il ministro: ""Pronti ad impugnare la legge""",http://www.trentotoday.it/politica/case-popolari-condannai-legge.html,"Piazza Dante - Trento, Trento, Italia","[46.071449, 11.121209]"
218,"Festa della Polizia Locale, Fugatti ai vigili: ""Siete segno di unità del sistema""",http://www.trentotoday.it/attualita/polizia-locale-trentino.html,"Piazza Dante - Trento, Trento, Italia","[46.071449, 11.121209]"
219,"Trento, mamma e figlia rapinate con un coltellino svizzero",http://www.trentotoday.it/cronaca/rapina-via-fersina.html,"Via Fersina - Trento, Trento, Italia","[46.043471, 11.124055]"
220,"Simone Moro e Tamara Lunger in un crepaccio in Himalaya: ""Ad un soffio dalla morte""",http://www.trentotoday.it/attualita/simone-moro-tamara-lunger-incidente.html,"Vicolo della Sat - Trento, Trento, Italia","[46.070419, 11.123143]"
221,"Riduzione del Parco della Lessinia: via 2.000 ettari, il 'sì' della commissione regionale",http://www.trentotoday.it/green/parco-lessinia-taglio.html,"Viale Verona - Trento, Trento, Italia","[46.046459, 11.129586]"
222,"Galline e faraone stipate nel furgone, alcune morte: denunciato",http://www.trentotoday.it/attualita/galline-morte-furgone-denunciato.html,"Via del Brennero - Trento, Trento, Italia","[46.084893, 11.119293]"
223,"100 anni di Fellini, martedì al San Marco “Il bidone”",http://www.trentotoday.it/eventi/fellini-100-anni-san-marco.html,"Via San Bernardino - Trento, Trento, Italia","[46.063973, 11.130521]"
224,"Meteo, settimana ancora stabile e soleggiata ma le temperature sono in calo",http://www.trentotoday.it/meteo/previsioni-settimana-20-21-22-gennaio.html,"Piazza del Duomo - Trento, Trento, Italia","[46.067375, 11.120989]"
225,"Incidente sulla Gardesana: tre ragazze ferite, strada chiusa",http://www.trentotoday.it/cronaca/incidente-stradale/limone-strada_chiusa.html,"SS45bis - Riva del Garda, Trento, Italia","[45.894942, 10.849745]"
226,Raffica di furti in auto nel parcheggio del Campel,http://www.trentotoday.it/cronaca/furti-auto-parcheggio-campel.html,"Via per Campel, 91 - Trento, Trento, Italia","[46.091548, 11.163896]"
227,Tenta di fermare una rissa al ristorante e viene picchiato,http://www.trentotoday.it/cronaca/rissa-ristorante-padova-cameriera.html,"Via Padova - Trento, Trento, Italia","[46.061153, 11.135309]"
228,Svelato il tema del prossimo Festival dell'Economia,http://www.trentotoday.it/attualita/festival-economia-2020-ambiente.html,"Via Giuseppe Verdi - Trento, Trento, Italia","[46.066523, 11.117443]"
229,"Elezioni comunali: la Lega promette l'esercito alla Portèla, ancora mistero sul candidato sindaco",http://www.trentotoday.it/politica/elezioni/lega-esercito-trento.html,"Piazza Santa Maria Maggiore - Trento, Trento, Italia","[46.068487, 11.118828]"
230,"Claudio Cia candidato sindaco? Lui smentisce: ""E' stata un'esperienza unica, in tutti i sensi""",http://www.trentotoday.it/politica/claudio-cia-candidato-sindaco.html,"Piazza del Duomo - Trento, Trento, Italia","[46.067375, 11.120989]"
231,"Aeroporto di Bolzano: in arrivo voli per Roma, Vienna e altre destinazioni",http://www.trentotoday.it/attualita/voli-aeroporto-bolzano.html,"Via Aeroporto - Trento, Trento, Italia","[46.107419, 11.104034]"
232,"Maschi bravi in matematica? Sì, ma è colpa degli stereotipi",http://www.trentotoday.it/formazione/scuola/maschi-bravi-matematica.html,"Via Bolzano - Trento, Trento, Italia","[46.104564, 11.109925]"
233,Un weekend di eventi in Trentino,http://www.trentotoday.it/eventi/weekend/cosa-fare-17-18-19-gennaio.html,"Piazza del Duomo - Trento, Trento, Italia","[46.067375, 11.120989]"
234,"Morì sulle piste cadendo in un dirupo: mancava la rete, chiesti 1,2 milioni di euro",http://www.trentotoday.it/cronaca/bruno-paoli-morto-sci-risarcimento.html,"Via Carlo Antonio Pilati - Trento, Trento, Italia","[46.06602, 11.12722]"
235,Aggredito da un pitbull mentre porta a spasso il cane: costole rotte e ferite ovunque,http://www.trentotoday.it/cronaca/aggredito-pitbull-merano.html,"Piazza Dante - Trento, Trento, Italia","[46.071449, 11.121209]"
236,Scuola in movimento: l'Istituto Comprensivo di Cembra attiva le aule laboratorio disciplinari,http://www.trentotoday.it/social/segnalazioni/scuola-cembra-aule-laboratorio-disciplinari.html,"Via Negritelle, 1 - Cembra, Trento, Italia","[46.17251, 11.22269]"
237,I Next Point ancora sul palco per una sera con i Rebel Roots,http://www.trentotoday.it/eventi/next-point-reunion-riva.html,"Via Monte Misone, 35 - Riva del Garda, Trento, Italia","[45.896684, 10.84112]"
238,Davide Prezzo e la sua band al Paradiso,http://www.trentotoday.it/eventi/davide-prezzo-bar-paradiso.html,"Via della Prepositura - Trento, Trento, Italia","[46.069408, 11.118466]"
239,"Meli, cantautore indie, alla Bookique",http://www.trentotoday.it/eventi/meli-cerchi-bookique.html,"Via Torre D&#039;Augusto, 29 - Trento, Trento, Italia","[46.073009, 11.126526]"
240,"Albergo a Verona, ma nella foto c'è Riva del Garda",http://www.trentotoday.it/attualita/albergo-verona-foto-riva-garda.html,"Viale Verona, 187 - Riva del Garda, Trento, Italia","[46.046567, 11.131893]"
241,Aumentano i turisti ed aumentano i rifiuti: l'analisi dell'Istituto Provinciale di Statistica,http://www.trentotoday.it/green/produzione-rifuiti-turismo.html,"Piazza Dante - Trento, Trento, Italia","[46.071449, 11.121209]"
242,"Meteo, prima precipitazione dell'anno: previste anche deboli nevicate",http://www.trentotoday.it/meteo/previsioni-weekend-neve-17-18-gennaio.html,"Piazza del Duomo - Trento, Trento, Italia","[46.067375, 11.120989]"
243,La stagione dei concerti al Bar Chistè,http://www.trentotoday.it/eventi/musica-concerti-chiste.html,"Via del Brennero - Trento, Trento, Italia","[46.084893, 11.119293]"
244,Facoltà di Medicina: Trento approva la collaborazione con Verona,http://www.trentotoday.it/formazione/universita/medicina-trento-verona-universita.html,"Via Giuseppe Verdi - Trento, Trento, Italia","[46.066523, 11.117443]"
245,A 176 all'ora in galleria: beccato con il telelaser,http://www.trentotoday.it/attualita/velocita-galleria-mezzolombardo.html,"SS43 - Mezzolombardo, Trento, Italia","[46.211977, 11.092206]"
246,Vigili al Centro di Revisione per camion: 10.000 euro di sanzioni in un giorno,http://www.trentotoday.it/attualita/multe-centro-revisione-camion.html,"Via Innsbruck - Trento, Trento, Italia","[46.108644, 11.091566]"
247,"Teatro, ""Uno, nessuno, centomila"" con Enrico Lo Verso",http://www.trentotoday.it/eventi/uno-nessuno-centomila-enrico-lo-verso.html,"Via Noval, 5 - Tesero, Trento, Italia","[46.288923, 11.514065]"
248,Una fotografa trentina a New York: la mostra,http://www.trentotoday.it/eventi/foto-new-york-tiziana-salvadori.html,"Via Soprasasso, 1 - Trento, Trento, Italia","[46.106563, 11.111778]"
249,"Teatro, arriva in Trentino ""Anna dei miracoli""",http://www.trentotoday.it/eventi/anna-miracoli-trento.html,"Via Santa Croce, 67 - Trento, Trento, Italia","[46.063447, 11.12452]"
250,Due mele al giorno tolgono il medico di torno: effetti benefici sul colesterolo,http://www.trentotoday.it/cucina/quale-mela-salute-colesterolo.html,"Via Edmund Mach, 1 - San Michele all&#039;Adige, Trento, Italia","[46.191795, 11.136142]"
251,"Festival dell'Economia, nessun ""ribaltone"" ai vertici. Fugatti: ""Serve più pluralismo""",http://www.trentotoday.it/politica/festival-economia-2020-confermato.html,"Piazza del Duomo - Trento, Trento, Italia","[46.067375, 11.120989]"
252,"Facoltà di Medicina, Fugatti riferisce in aula: ""Chiederemo una proroga al Ministero""",http://www.trentotoday.it/attualita/universita-medicina-padova-trento.html,"Via Giuseppe Verdi - Trento, Trento, Italia","[46.066523, 11.117443]"
253,Un'antica terra di vini e montagne: svelato il Paese ospite del Filmfestival,http://www.trentotoday.it/eventi/trento-film-festival-georgia.html,"Viale San Francesco d&#039;Assisi - Trento, Trento, Italia","[46.066982, 11.126371]"
254,Sport gratis per ragazzi e ragazze: l'iniziativa del CONI anche in Trentino,http://www.trentotoday.it/sport/spot-gratis-giovani-come-fare.html,"Via Lavisotto - Trento, Trento, Italia","[46.081545, 11.118899]"
255,Gli Orsetti del cuore ad Andalo,http://www.trentotoday.it/social/segnalazioni/orsetti-del-cuore-ad-andalo.html,"Piazza Dolomiti, 1 - Andalo, Trento, Italia","[46.163763, 11.003219]"
256,"Seggiolini anti-abbandono: previsti incentivi per l'acquisto, due mesi di tempo per adeguarsi",http://www.trentotoday.it/attualita/seggiolini-anti-abbandono-multe-incentivi.html,"Piazza Raffaello Sanzio - Trento, Trento, Italia","[46.072067, 11.12517]"
257,"Via le Comunità di Valle? L'annuncio resta sulla carta: ""Ci sono le elezioni del 3 maggio""",http://www.trentotoday.it/politica/riforma-comunita-valle.html,"Piazza Dante - Trento, Trento, Italia","[46.071449, 11.121209]"
258,"Camminata notturna a San Romedio e ""pranzo del pellegrino""",http://www.trentotoday.it/eventi/cammino-notte-san-romedio.html,"Via San Romedio, 1 - Sanzeno, Trento, Italia","[46.368957, 11.10642]"
259,Medici: in Alto Adige basta sapere il tedesco. Il Governo impugna la legge provinciale,http://www.trentotoday.it/attualita/medici-alto-adige-tedesco.html,"Via Alto Adige - Trento, Trento, Italia","[46.127139, 11.109432]"
260,"Lingue straniere: la Giunta modifica il Piano Trilinguismo, ecco le novità",http://www.trentotoday.it/formazione/scuola/insegnamento-lingue-trentino.html,"Piazza Dante - Trento, Trento, Italia","[46.071449, 11.121209]"
261,Muore ad un mese di distanza dal terribile incidente in A22,http://www.trentotoday.it/cronaca/incidente-stradale/giovanni-fragale-morto-a22-furgone.html,"Via Berlino - Trento, Trento, Italia","[46.07743, 11.109565]"
262,Un distretto biologico grande come il Trentino: ecco dove firmare per il referendum,http://www.trentotoday.it/economia/referendum-biologico-firme.html,"Piazza del Duomo - Trento, Trento, Italia","[46.067375, 11.120989]"
263,"Rovereto, un altro studente con la tubercolosi",http://www.trentotoday.it/cronaca/tubercolosi-scuola-veronesi.html,"Corso Antonio Rosmini - Rovereto, Trento, Italia","[45.890943, 11.039008]"
264,"Si scaglia contro i carabinieri, arrivano anche Polizia e vigili: arrestato",http://www.trentotoday.it/cronaca/portela-rissa-arrestato.html,"Piazza Santa Maria Maggiore - Trento, Trento, Italia","[46.068487, 11.118828]"
265,Ianeselli si è dimesso da segretario della CGIL per correre come candidato sindaco di Trento,http://www.trentotoday.it/politica/franco-ianeselli-candidato-sindaco.html,"Via dei Muredei - Trento, Trento, Italia","[46.055077, 11.118241]"
266,"Trasporto pubblico, con la nuova App si può vedere dove sono bus e corriere",http://www.trentotoday.it/attualita/app-autobus-trasporto-pubblico.html,"Via Andrea Pozzo - Trento, Trento, Italia","[46.070544, 11.11965]"
267,"Meteotrentino: 2019 anno tra i più caldi di sempre, e particolarmente piovoso",http://www.trentotoday.it/meteo/2019-temperature-pioggia.html,"Piazza del Duomo - Trento, Trento, Italia","[46.067375, 11.120989]"
268,Il Teatro Sociale in due secoli di storia,http://www.trentotoday.it/eventi/teatro-sociale-storia.html,"Via Oss Mazzurana - Trento, Trento, Italia","[46.068907, 11.122571]"
269,Grande festa di Carnevale a Tiarno,http://www.trentotoday.it/eventi/carnevale-tiarno-2020.html,"Via Bri, 3 - Ledro, Trento, Italia","[45.888795, 10.668647]"
270,Gran Carnevale di Storo,http://www.trentotoday.it/eventi/carnevale-stoto-2020.html,"Via Monsignor Giacomo Regensburger, 1 - Storo, Trento, Italia","[45.848194, 10.578955]"
271,A Calavino Carnevale in musica,http://www.trentotoday.it/eventi/carnevale-calavino-2020.html,"Via E. Pedrini, 28 - Calavino, Trento, Italia","[46.04608, 10.98587]"
272,Il Carnevale arriva in città,http://www.trentotoday.it/eventi/carnevale-2020-piazza-duomo.html,"Piazza del Duomo - Trento, Trento, Italia","[46.067375, 11.120989]"
273,A Madonna di Campiglio c'è la festa di Sant'Antonio,http://www.trentotoday.it/eventi/san-antonio-madonna-campiglio-2020.html,"Viale Dolomiti di Brenta, 18 - Pinzolo, Trento, Italia","[46.229478, 10.826353]"
274,"Ubriaco sui binari, salvato dalla Polizia. Il giorno dopo ringrazia gli agenti: ""Mi avete salvato la vita""",http://www.trentotoday.it/attualita/ubriaco-binari-salvato.html,"Via Andrea Pozzo - Trento, Trento, Italia","[46.070544, 11.11965]"
275,Franco Ianeselli (CGIL) candidato sindaco: il centrosinistra autonomista si ricompatta,http://www.trentotoday.it/politica/elezioni/ianeselli-cgil-candidato-sindaco.html,"Via dei Muredei - Trento, Trento, Italia","[46.055077, 11.118241]"
276,"Incidente al Bus de Vela, traffico bloccato ed ambulanze sul posto",http://www.trentotoday.it/cronaca/incidente-stradale/cadine-bus-de-vela-11-gennaio.html,"SS45bis - Trento, Trento, Italia","[46.085105, 11.070641]"
277,La roncola è stata inventata in Trentino 3200 anni fa,http://www.trentotoday.it/eventi/cultura/roncola-origine-dialetto.html,"Borgo Santa Caterina - Rovereto, Trento, Italia","[45.889859, 11.039476]"
278,"Ricercati in Francia, fermati a Trento: nell'auto gioielli, orologi e franchi svizzeri",http://www.trentotoday.it/cronaca/ladri-georgiani-francia-trento.html,"Viale Verona - Trento, Trento, Italia","[46.046459, 11.129586]"
279,Facoltà di Medicina a Trento? Nessuno ha chiesto cosa ne pensino gli studenti,http://www.trentotoday.it/formazione/universita/universita-medicina-trento-verona.html,"Via Giuseppe Verdi - Trento, Trento, Italia","[46.066523, 11.117443]"
280,Scivola sul ghiaccio e si frattura una caviglia,http://www.trentotoday.it/cronaca/ferito-gamba-monte-spitz.html,"via Giambattista Unterveger - Trento, Trento, Italia","[46.092325, 11.111256]"
281,"Monitoraggio pesticidi, Segnana: ""Va migliorato, l'accordo riguardava solamente la mela""",http://www.trentotoday.it/politica/monitoraggio-pesticidi-mele.html,"Piazza Dante - Trento, Trento, Italia","[46.071449, 11.121209]"
282,"Neonato trovato morto nei campi: la madre è libera, in attesa di processo",http://www.trentotoday.it/cronaca/neonato-morto-val-venosta.html,"Via Alto Adige - Trento, Trento, Italia","[46.127139, 11.109432]"
283,"Ci si sposa sempre più tardi, ed in Comune: tutti i dati nell'Annuario statistico",http://www.trentotoday.it/attualita/eta-media-matrimonio.html,"Via Rodolfo Belenzani - Trento, Trento, Italia","[46.068872, 11.121219]"
284,"Caso centrali idroelettriche, la Provincia: ""I due funzionari hanno agito correttamente""",http://www.trentotoday.it/attualita/indagine-centrali-elettriche.html,"Piazza Dante - Trento, Trento, Italia","[46.071449, 11.121209]"
285,La Giunta blocca il monitoraggio sui rischi da esposizione a fitofarmaci,http://www.trentotoday.it/green/monitoraggio-fitofarmaci.html,"Piazza Dante - Trento, Trento, Italia","[46.071449, 11.121209]"
286,Polveri sottili: in Trentino 123 ricoveri in sei anni,http://www.trentotoday.it/benessere/salute/livello-polveri-sottili.html,"Piazza Dante - Trento, Trento, Italia","[46.071449, 11.121209]"
287,"Orsetto ""equilibrista"" a caccia di miele lascia le impronte nella neve",http://www.trentotoday.it/green/orso-miele-impronte-neve.html,"Piazza Dante - Trento, Trento, Italia","[46.071449, 11.121209]"
288,"Tornano a crescere i trentini iscritti all'università: 13.000, ma uno su due studia fuori",http://www.trentotoday.it/formazione/universita/numero-studenti-trentini.html,"Via Giuseppe Verdi - Trento, Trento, Italia","[46.066523, 11.117443]"
289,In Trentino c'è l'aspettativa di vita più alta d'Italia,http://www.trentotoday.it/attualita/aspettativa-vita-regioni-italia.html,"Piazza del Duomo - Trento, Trento, Italia","[46.067375, 11.120989]"
290,Tutti gli eventi del weekend in Trentino,http://www.trentotoday.it/eventi/weekend/cosa-fare-10-11-12-gennaio.html,"Via San Bernardino - Trento, Trento, Italia","[46.063973, 11.130521]"
291,Riapre la Bookique: festa in due serate,http://www.trentotoday.it/eventi/festa-apertura-bookique.html,"Via Torre D&#039;Augusto, 29 - Trento, Trento, Italia","[46.073009, 11.126526]"
292,"Facoltà di Medicina a Trento ""contesa"" tra Verona e Padova",http://www.trentotoday.it/attualita/facolta-medicina-trentino.html,"Via Giuseppe Verdi - Trento, Trento, Italia",
293,Guida sulla A22 con un tasso di alcol 8 volte superiore al limite,http://www.trentotoday.it/cronaca/a22-alcol-8-volte-limite.html,"Via Berlino - Trento, Trento, Italia","[46.07743, 11.109565]"
294,Incidente mortale a Tione: non ce l'ha fatta Luigi Viviani,http://www.trentotoday.it/cronaca/incidente-stradale/morto-ape-tione.html,"Strada Statale 239 - Tione di Trento, Trento, Italia","[46.039278, 10.727627]"
295,"Mercatini di Natale: 1,5 milioni di visitatori",http://www.trentotoday.it/economia/mercatini-natale-visitatori-2019-2020.html,"Piazza di Fiera - Trento, Trento, Italia","[46.06499, 11.124703]"
296,"Mercatone Uno: cassa integrazione fino a maggio, e poi? CGIL: ""Intervenga la Provincia""",http://www.trentotoday.it/economia/mercatone-uno-cassa-integrazione.html,"Via Statale 12 - San Michele all&#039;Adige, Trento, Italia","[46.192215, 11.130913]"
297,Pizza e teatro: la proposta al San Marco,http://www.trentotoday.it/eventi/san-marco.pizza-teatro-famiglie,"Via San Bernardino, 8 - Trento, Trento, Italia","[46.064131, 11.129245]"
298,Tamponamento tra due auto in A22,http://www.trentotoday.it/cronaca/incidente-stradale/a22-code-8-gennaio.html,"A22 - San Michele all&#039;Adige, Trento, Italia","[46.193445, 11.123408]"
299,"Renzo Cresti al conservatorio per presentare il suo nuovo libro ""Musica Presente""",http://www.trentotoday.it/eventi/renzo-cresti-al-conservatorio-per-presentare-il-suo-nuovo-libro-musica-presente.html,"Via San Giovanni Bosco, 4 - Trento, Trento, Italia","[46.0647, 11.125244]"
300,Piste illuminate in Bondone in deroga alle norme,http://www.trentotoday.it/green/piste-notturna-bondone.html,"Strada del Monte Bondone - Trento, Trento, Italia","[46.069784, 11.094918]"
301,Simone Cristicchi a Lavis,http://www.trentotoday.it/eventi/simone-cristicchi-lavis-2020.html,"Via Fabio Filzi, 11 - Lavis, Trento, Italia","[46.138427, 11.113636]"
302,A Palazzo delle Albere la mostra di Tullio Garbari,http://www.trentotoday.it/eventi/tullio-garbari-palazzo-albere-2020.html,"Via Roberto da Sanseverino, 43 - Trento, Trento, Italia","[46.063157, 11.113788]"
303,Il Realismo Magico nell’Arte Sarda. La Collezione De Montis,http://www.trentotoday.it/eventi/realismo-magico-mart-cavalese.html,"Via Scario, 1 - Cavalese, Trento, Italia","[46.29102, 11.45901]"
304,"Caso di tubercolosi a Rovereto: la ragazza sta bene, test ai compagni di classe",http://www.trentotoday.it/cronaca/tubercolosi-rovereto.html,"Corso Antonio Rosmini, 58 - Rovereto, Trento, Italia","[45.890701, 11.040552]"
305,"Incidente a Tione di Trento, auto invade corsia opposta e travolge un Ape: due feriti",http://www.trentotoday.it/cronaca/incidente-stradale/tione-auto-8-gennaio.html,"Strada Statale 239 - Tione di Trento, Trento, Italia","[46.039278, 10.727627]"
306,"Saldi: i diritti non si scontano, ecco i consigli del Centro Consumatori",http://www.trentotoday.it/economia/saldi-diritto-cambio-merce.html,"Via Oss Mazzurana - Trento, Trento, Italia","[46.068907, 11.122571]"
307,"Strage di Lutago, una delle vittime è in condizioni critiche",http://www.trentotoday.it/cronaca/incidente-stradale/morti-investiti-lutago.html,"Via Alto Adige - Trento, Trento, Italia","[46.127139, 11.109432]"
308,"Via Esterle riaperta, le lapidi romane ritrovate saranno studiate",http://www.trentotoday.it/attualita/via-esterle-necropoli-romana.html,"Via Senatore Carlo Esterle, 9 - Trento, Trento, Italia","[46.065903, 11.121262]"
309,Un biodistretto grande come il Trentino: si raccolgono firme per il referendum,http://www.trentotoday.it/green/biodistretto-referendum.html,"Piazza Dante - Trento, Trento, Italia","[46.071449, 11.121209]"
310,Niccolò Fabi a Trento,http://www.trentotoday.it/eventi/niccolo-fabi-trento.html,"Via Santa Croce, 67 - Trento, Trento, Italia","[46.063447, 11.12452]"
311,"Il ""Medico per forza"" di Molière a Ravina",http://www.trentotoday.it/eventi/imedico-per-forza-di-moliere-gad.html,"Via per Belvedere, 4 - Trento, Trento, Italia","[46.038392, 11.107453]"
312,"Poca Gente Party, a Smart Lab torna il format vincente dello scorso anno",http://www.trentotoday.it/eventi/poca-gente-party-smart-lab-2020.html,"Viale Trento - Rovereto, Trento, Italia","[45.905315, 11.040298]"
313,Dormono tutti sulla collina: un tributo a De Andrè,http://www.trentotoday.it/eventi/fabrizio-deandre-san-marco.html,"Via San Bernardino, 8 - Trento, Trento, Italia","[46.064131, 11.129245]"
314,"B.L.U.E., il musical di improvvisazione a Trento",http://www.trentotoday.it/eventi/blue-musical-auditorium-santa-chiara.html,"Via Santa Croce, 67 - Trento, Trento, Italia","[46.063447, 11.12452]"
315,Via Esterle riaperta al traffico: parcheggio sotterraneo da 53 posti auto,http://www.trentotoday.it/attualita/parcheggio-via-esterle.html,"Via Senatore Carlo Esterle, 9 - Trento, Trento, Italia","[46.065903, 11.121262]"
316,"Scuola, al via le iscrizioni per il 2020/2021, ma solo online",http://www.trentotoday.it/formazione/scuola/iscrizioni-scuola-2020-2021.html,"Via Giuseppe Gilli - Trento, Trento, Italia","[46.090859, 11.119548]"
317,"Strage in Val Aurina, la ministra dell'Interno: ""Insopportabile costo umano""",http://www.trentotoday.it/cronaca/incidente-stradale/lutago-morti-alto-adige.html,"Via Alto Adige - Trento, Trento, Italia","[46.127139, 11.109432]"
318,Limite dei 50 km all'ora sulla statale nel punto in cui attraversano i cervi,http://www.trentotoday.it/attualita/limite-dei-50-km-all-ora-sulla-statale-nel-punto-in-cui-attraversano-i-cervi.html,"Strada Statale 48 - Predazzo, Trento, Italia","[46.314643, 11.598537]"
319,Ea7 winter tour: roadshow a Madonna di Campiglio,http://www.trentotoday.it/eventi/ea7-winter-tour-7102652.html,"Localit&agrave; Fortini - Pinzolo, Trento, Italia","[46.238912, 10.839705]"
320,Cambiamenti climatici: Il Nuovo Mondo a Rovereto,http://www.trentotoday.it/eventi/cambiamenti-climatici-lio-marco-ianesl.html,"Corso Bettini, 43 - Rovereto, Trento, Italia","[45.894041, 11.044408]"
321,Licenziamenti in area di servizio Paganella Est della A22: sciopero di 12 ore,http://www.trentotoday.it/attualita/sciopero-paganella-est-a22.html,"A22 - Lavis, Trento, Italia","[46.14552, 11.088886]"
322,Omicidio stradale a Lutago: sale a sette il numero delle vittime,http://www.trentotoday.it/cronaca/incidente-lutago-sette-morti.html,"Via Alto Adige - Trento, Trento, Italia","[46.127139, 11.109432]"
323,Inverno anomalo: temperature miti a tutte le quote ed assenza di perturbazioni,http://www.trentotoday.it/meteo/previsioni-gennaio-2020.html,"Piazza del Duomo - Trento, Trento, Italia","[46.067375, 11.120989]"
324,Strage di Lutago: l'investitore trasferito dall'ospedale al carcere,http://www.trentotoday.it/cronaca/incidente-stradale/morti-investiti-alto-adige.html,"Via Alto Adige - Trento, Trento, Italia","[46.127139, 11.109432]"
325,"The Telegraph celebra Francesco Volpi, leggendario aviatore trentino",http://www.trentotoday.it/attualita/francesco-volpi-pilota-piu-vecchio.html,"Via Aeroporto - Trento, Trento, Italia","[46.107419, 11.104034]"
326,"Riapre, dopo i lavori, via Esterle",http://www.trentotoday.it/attualita/via-esterle-aperta.html,"Via Senatore Carlo Esterle, 9 - Trento, Trento, Italia","[46.065903, 11.121262]"
327,"Strage in Val Aurina: ancora gravi i feriti, l'investitore rischia 18 anni",http://www.trentotoday.it/cronaca/incidente-stradale/morti-lutago-investiti-ubriaco.html,"Via Alto Adige - Trento, Trento, Italia","[46.127139, 11.109432]"
328,Facoltà di Medicina a Trento? La Consulta dei Direttori contro Fugatti,http://www.trentotoday.it/politica/facolta-di-medicina-a-trento-la-consulta-dei-direttori-contro-fugatti.html,"Via Giuseppe Verdi - Trento, Trento, Italia","[46.066523, 11.117443]"
329,"Weekend: Notte Bianca, musei gratis e befane",http://www.trentotoday.it/eventi/weekend/cosa-fare-4-5-epifania.html,"Piazza di Fiera - Trento, Trento, Italia","[46.06499, 11.124703]"
330,A Cognola c'è la Befana della Sat,http://www.trentotoday.it/eventi/befana-cognola-2020.html,"Via per Cognola - Trento, Trento, Italia","[46.071765, 11.138338]"
331,"Furto all'Aquila Basket: il ""bottino"" ritrovato tra le siepi del parco San Marco",http://www.trentotoday.it/cronaca/furto-aquila-basket-parco.html,"Via Ferruccio Francesco - Trento, Trento, Italia","[46.068986, 11.126616]"
332,"Notte Bianca? Solo tre concerti nei bar, mercatini aperti fino alle 23",http://www.trentotoday.it/attualita/notte-bianca-invernale-cosa-fare.html,"Via Calepina - Trento, Trento, Italia","[46.0671, 11.12445]"
333,"Via Maccani, uccise l'amico a coltellate: confermata la condanna a 10 anni",http://www.trentotoday.it/cronaca/omicidio-cozzatti-via-maccani.html,"Via Ezio Maccani - Trento, Trento, Italia","[46.086631, 11.111712]"
334,Coronavirus: scuole chiuse ma insegnanti in classe?,http://www.trentotoday.it/attualita/cronavirus-scuole-insegnanti.html,"Piazza Dante - Trento, Trento, Italia","[46.071449, 11.121209]"
335,"Coronavirus: 112 ""intasato"" solo per chiedere informazioni, arriva il numero verde",http://www.trentotoday.it/attualita/coronavirus-numero-verde.html,"Largo Medaglie d&#039;oro - Trento, Trento, Italia","[46.057786, 11.132864]"
336,"Coronavirus: niente ""segno della Pace"" in chiesa, via l'acqua benedetta",http://www.trentotoday.it/attualita/coronavirus-segno-pace-chiesa.html,"Piazza del Duomo - Trento, Trento, Italia","[46.067375, 11.120989]"
337,Un caso di Coronavirus in Alto Adige,http://www.trentotoday.it/cronaca/coronavirus-caso-alto-adige.html,"Via Alto Adige - Trento, Trento, Italia","[46.127139, 11.109432]"
338,Coronavirus: annullata la megacena da 700 ospiti con Salvini a Trento,http://www.trentotoday.it/politica/salvini-annullato-trento-coronavirus.html,"Via Torre Verde - Trento, Trento, Italia","[46.071027, 11.123533]"
339,"Coronavirus, c'è anche la truffa: finti volontari per test porta a porta",http://www.trentotoday.it/attualita/coronavirus-truffa-test.html,"Piazza del Duomo - Trento, Trento, Italia","[46.067375, 11.120989]"
340,Festa della Donna a tutto swing,http://www.trentotoday.it/eventi/festa-donna-8-marzo-concerti.html,"Via Guglielmo Marconi, 6 - Levico Terme, Trento, Italia","[46.010602, 11.303251]"
341,"Coronavirus, stop ai carnevali. Fugatti: ""Rischio di affluenza dalle regioni vicine""",http://www.trentotoday.it/cronaca/coronavirus-carnevali.html,"Piazza Dante - Trento, Trento, Italia","[46.071449, 11.121209]"
342,"Furioso incendio: distrutto il furgone ""fast food"" dello stadio",http://www.trentotoday.it/cronaca/incendio-furgone-panini-stadio.html,"Via Allo Stadio - Rovereto, Trento, Italia","[46.155987, 10.760103]"
343,"Famiglia contagiata da Coronavirus a Fai della Paganella: ""Stiamo ricostruendo contatti e spostamenti""",http://www.trentotoday.it/attualita/coronavirus-paganella.html,"Via Dolomiti Brenta - Fai della Paganella, Trento, Italia","[46.173863, 11.069569]"
344,"Le puntano una pistola e cercano di rapinarla al bancomat, ma lei urla e li mette in fuga",http://www.trentotoday.it/cronaca/rapina-bancomat-ospedale-santa-chiara.html,"Largo Medaglie d&#039;oro - Trento, Trento, Italia","[46.057786, 11.132864]"
345,"Scuole chiuse per tutta la settimana, stop ai carnevali",http://www.trentotoday.it/cronaca/scuole-chiuse-asili-coronavirus.html,"Piazza Dante - Trento, Trento, Italia","[46.071449, 11.121209]"
